contextID,citationID,clean__citation_context,UTILIZE_LABELS,USAGE_LABELS
202268109,240058405,"n be used, such as those that rely on the bayesian information criterion metric to determine k 27 . for this work, we have used em clustering 9 , a distribution-based clustering algorithm. the weka implementation of the em clustering can determine the number of clusters automatically, which makes it easy to use in our setup, as it avoids having to adjust the number of clusters based on the node",UTILIZE,USE
26803887,27507132,"view of the innernode graph. if the search accesses a node that is not currently in cache, the node is transparently fetched (evicting other pages from the cache if required). the sparse algorithm of is a schema-based approach for keyword search. although it cannot be used on arbitrary graphs, we include it in our comparison to see how our algorithms compare with schema based algorithms when the",NOTUTILIZE,MENTION
75319696,73863348,"note that obtaining improvements for background music is not easy. for comparison, we also obtained similar results using the state-of-the-art noise compensation algorithm vector taylor series (vts) . for ppdn, further application of mean variance normalization (mvn) showed slightly better performance than applying cmn. however for vts, we could not observe any performance improvement by applying",UTILIZE,USE
16840181,17984570,"the packet arrivals and energy replenishment. most solutions proposed in the energy-aware routing literature incorporate certain measures of nodal residual energy, and therefore are dynamic in nature . for example, in 5,9,10,18 , algorithms have been presented to optimize the lifetime of the network. these algorithms can be viewed as different attempts to combine the elements of two routing appro",NOTUTILIZE,MENTION
8879722,9370444,"r input graphs of bounded degree. our rnc algorithm for the mps problem has a similar structure to that of israeli and itai s rnc algorithm (i i algorithm, for short) for the maximal matching problem . namely, given a graph g, both the i i algorithm and our algorithm proceeds in stages; in each stage, their main jobs are to compute a random matching m in a certain subgraph of g and to delete (from",NOTUTILIZE,MENTION
6369431,6623312,"imation with em vector sensors has been of much interest lately. since nehorai and paldi 1 , 2 proposed the use of em vector sensors for doa estimation, there have been a few studies of uniqueness 6 , 16 . various doa estimation algorithms have also been suggested in 7 14 , which have indicated the superiority of em vector sensors over scalar sensors. in particular, it was revealed in 4",NOTUTILIZE,MENTION
201783352,239361032,"ric variation on the surface. in both cases, point correspondences are established manually by human interaction. after a coarse registration is obtained from point correspondences, the icp algorithm is applied to refine the result. in this work, the scanners are assumed to provide triangle meshes as their output. for scanners that output range images, a triangle mesh can be easily obtained if th",UTILIZE,USE
12380116,13261162,"ads starts with the calculations. 10 appendix d : tools 10.1 bif bif is a self written c program for creating bifurcation diagrams. for integrating the fourth order runge kutta algorithm according to is used. the user has to choose the bifurcation range and stepsize of the bifurcation parameter, the constant parameter and the hyperplane for the poincar cut. for details about this see 2 . the pr",UTILIZE,USE
5575208,5768370,"ar dynamic), because the configurational averages are independent of the step size. the algorithm was tested on a three--dimensional lennard--jones system with n 256 particles. we used scaled units . a pair potential with a cutoff at 2:5 was used: u ij ( 4 r ij gamma12 gamma r ij gamma6 (r ijs2:5) 0 (r ij 2:5) here r ij jx i gamma x j j. in scaled units we have: e gammafih e gamm",UTILIZE,USE
4394078,4542161,"the classical literature on end-system congestion management was motivated by reliable unicast transport, and included both window- and rate-based approaches. in addition to jacobson s tcp algorithm rious recent tcp enhancements (e.g., 23 , 24 , 25 ), a prominent example is ramakrishnan and jain s linear decbit scheme that used a multiplicative-decrease factor of x0015 . recent trends i",NOTUTILIZE,MENTION
18800139,19992867,"nsisting of breadth first search from each vertex, or, as m gets larger, a randomized algorithm of seidel 16 that solves the problem in (n ) time. this algorithm also has a deterministic version . shoshan and zwick 17 proved that if the graph has positive weights from 1, . . . , w then apsp can be solved, deterministically, in (w n ) time. is there a natural graph parameter for which t",NOTUTILIZE,MENTION
16385033,17518821,"ightly more overhead than forest simulation. thompson and smith developed extensions that count the number of writes to main memory for different-sized caches that implement a write-back write policy . they also studied multi-configuration algorithms for sector or sub-block caches. wang and baer combined the work of mattson70 , hill89 and thompson89 to compute both miss ratios and write backs",NOTUTILIZE,NOTALGO
27499110,28209707,"zation problem (often a constrained quadratic program) is solved at each samplingtime step. it has recently been shown that much of the computational effort in traditional mpc can be done offline. in and 26 the authors present algorithms for solving multiparametric quadratic programs (mpqps) that are used to obtain explicit solutions to the mpc problem. thus, the explicit model predictive contr",NOTUTILIZE,MENTION
29680848,30361846,"get privacy model (p-sensitive k-anonymity or its extension), anonymization algorithms must also consider minimizing one or more cost measure. we know that optimal k-anonymization is a nphard problem . by simple reduction to k-anonymity, it can be easily shown that p-sensitive k-anonymization is also a np-hard problem. the algorithms we will describe next are good approximations of the optimal sol",NOTUTILIZE,NOTALGO
80144587,77967373,"have studied vortex flame interactions with detailed methane chemistry. baum et al. 11 have studied two-dimensional turbulent flame interactions for detailed hydrogen chemistry, and haworth et al. have used a detailed propane chemistry model to simulate2 stochastic algorithms for the analysis of numerical flame simulations propane air flames. more recently tanahashi et al. 13 have performed",NOTUTILIZE,NOTALGO
86362560,83165957,", while nsde tries to mix search biases of different ns operators adaptively. a new algorithm, the self-adaptive nsde (sansde), combines the advantages of nsde and sade together in a single algorithm . sansde is same as nsde except for the following: (1) introducing the self-adaptive mechanism from sade. (2) following the strategy in sade to dynamically adapt the value of cr. (3) using the same se",NOTUTILIZE,MENTION
32614101,32966905,"at need special formulations to be able to solve the latter case. the first category of algorithms include decision trees 5, 16 , neural networks 3 , k-nearest neighbor 2 , naive bayes classifiers , and support vector machines 8 . the second category include approaches for converting the multiclass classification problem into a set of binary classification problems that are efficiently solved",NOTUTILIZE,NOTALGO
4506559,4657404,"ng problems are studied extensively in both fields of operations research and computer science 6 , 7 , 8 , 9 , 10 , 11 , 12 , 13 , 14 . for a set of independent periodic tasks, dhall and liu and their colleagues developed various assignment algorithms based on the rate monotonic scheduling algorithm 16 , or intelligent fixed priority algorithm 17 . however, if there exist precedence co",NOTUTILIZE,MENTION
69416792,68271233,"ed by iteration. it is clear that the emission of n photons corresponds to n iterations. hence it is possible to regard the process as a stochastic mechanism suggesting the following shower algorithm . (a) set xb 1. the variable xb is the fraction of the light-cone momentum of the virtual electron that annihilates. (b) choose a random number . if it is smaller than (q 2 ,q 2 s), then the evolu",NOTUTILIZE,MENTION
42815506,41174887,"2 . it is not too difficult to consider qm, qr, qs for q(x, y, z) a 2 x 2 b 2 y 2 c 2 z 2 , and determine whether these are sos using the algorithm of 3 directly or its implementation in, e.g., . interestingly enough, these conditions are the same in each case: the forms are sos if and only if 2(a 2 b 2 a 2 c 2 b 2 c 2 ) a 4 b 4 c 4 . this expression factors rather neatly into: (a",NOTUTILIZE,MENTION
9537378,10104984,"red instance, and use the nearest instance or instances to predict the output class of y (i.e., to classify y). some instance-based learning algorithms are referred to as nearest neighbor techniques ( ; hart, 1968; dasarathy, 1991), and memorybased reasoning methods (stanfill waltz, 1986; cost salzberg, 1993; rachlin et al., 1994) overlap significantly with the instance-based paradigm as well.",NOTUTILIZE,MENTION
8021987,8423444,"condition on a dimension attribute (e.g., l.manager john.smith). this algorithm is loosely based on the i o efficient algorithm for computing hierarchical semijoins for querying network directories . let t denote the fact table, v the dimension, and a the dimension attribute on which the ( ; )- bitmap join index needs to be constructed. the resulting (uncompressed) bitmap join index would hav",NOTUTILIZE,MENTION
46783719,45964042,"related work previous research has addressed the task of learning cascades of classifiers in various ways in the context of diverse applications. the most prominent related work is by viola and jones in the context of real-time facerecognition, which arguably inspired most related subsequent research. their algorithm uses adaboost (schapire, 1999) to greedily train a cascade of classifiers. simil",NOTUTILIZE,NOTALGO
116410241,106056993,"mma 2.7. the following conditions are equivalent: (1) n l 2 rl. (2) n 16 and c contains a subcode isomorphic to the reed-muller code rm(1, 4). proof. let k be the dimension of c. suppose (2). in , doubly even codes of length 16 containing the all-one codeword were classified. in particular doubly even codes of length 16 containing rm(1, 4) can be classified. hence we obtain jc4j 0, 4, 12, 2",NOTUTILIZE,NOTALGO
10977990,11721140,"arallel algorithms 5, 9, 21, 22, 61, 62, 63, 64, 68, 69, 71, 72, 73, 78, 89, 106 , asymptotic complexity bounds 1, 48, 49, 99, 104 , lcs between many strings 43, 53, 55, 57, 73 , and other aspects . this work presents a new fast algorithm for the lcs problem which is based on a kind of dualization of rick s method. in fact, with some minor changes our method also applies to the moc problem, but",NOTUTILIZE,NOTALGO
23464188,24413986,"versal in the sense that the sensor can apply the same measurement mechanism no matter what basis the signal is sparse in (and thus the coding algorithm is independent of the sparsity-inducing basis) . a variety of algorithms have been proposed for signal recovery 10,11,14 16 , each requiring a slightly different constant c (see section 2.2). while powerful, the cs theory at present is designed m",NOTUTILIZE,MENTION
125036857,112544535,"rom earlier improvements in query complexity: they rely on quantum algorithms such as those of (in chronological order) bernstein and vazirani 28 , simon 134 , shor 133 , grover 72 , and ambainis . in section 2.1 we describe these quantum property testers and the improvements they achieve over classical testers. some of the properties considered are very natural, and some of the improvements a",NOTUTILIZE,MENTION
15819842,16933012,"chosen for splitting in their numerical order. recall that the (cut) width of a set s of clauses is the maximum cost of an ordered cut of s. for this analysis we give a simplified version of the dpll algorithm, but the same analysis applies in general to dpll. recall that dpll is the method in which case analysis is used to eliminate variables that cannot be removed by other methods; in the origi",UTILIZE,USE
174134989,154951860,"s study at our institution using pre- and postbundle implementation measures found no effect, but that study was an ecological design and was not able to evaluate individual patient bundle compliance . with these signatures, we will be able to give a higher resolution evaluation of the effect of the ventilator bundle. we can also work towards developing real time compliance monitoring of the venti",NOTUTILIZE,MENTION
11379445,12160254,"ntiated variables allow us to follow a leastcommitment approach. most partial-order planning algorithms search through the space of all possible plans to nd one solution that is guaranteed to succeed . the exibility gained from the partially ordered plan representation allows a planning agent to handle quite complicated domains, which is useful in intrusion detection. a partial order representatio",NOTUTILIZE,MENTION
31836129,32352990,"1)),luv2,u)); when l 1 uv l2 uv , however, the u and u operations are best performed using the companion matrix formulation in table 5. the software implementation of the operations in table 5 in uses the companion matrix formulation when l 1 uv l2 uv and the resultant formulation otherwise. thus far we have established our ability to encode algebraic distribution as solutions of bivariate",NOTUTILIZE,NOTALGO
9188827,9719258,"cification problem. these problems are solved by using the aggregation method of chapter 3. using the aggregation method, we have formally verified the protocol at the level of its formal description . the protocol consisting of more than a hundred different implementation steps has been reduced to a model with only six kinds of atomic transactions. based on the reduced atomic behavior, it is very",NOTUTILIZE,NOTALGO
113951821,104301884,"which is defined as followss 1 :s ssat sss,ssss,1sss,1s s(3.10)stherefore, we design an adaptive law of the switching controller (3.9b) bys -modification algorithm :s ss,)(1sss,0s)(",UTILIZE,EXTEND
38953665,37552678,"ialized across many scientific disciplines, and there is a voluminous literature. mathematical and computational theorists are concerned with the basic questions and definitions of language learning ( ), with understanding the complexity of the problem (angluin, 1978; gold, 1978), or with good algorithms (berwick, 1985; rivest schapire, 1987). an excellent survey of this approach to the problem h",NOTUTILIZE,MENTION
3339767,3441253,"functions. rather than representing such texture measurement in its true value as reported in the related literatures 7 , 8 and our previous studies 9 , we extended the fuzzy compactness approach to measure fuzziness in terms of texture energy 11 via fuzzy set 12 . an image i of size msn and l levels of brightness can be considered as an array of fuzzy singletons, each associate with a val",UTILIZE,EXTEND
16485761,17622838,"ng this precisely, we use it merely as justification for being able to use the above equations as if they applied to the greedy algorithm. (this is no doubt the case, but it is not actually proved in .) the solutions to the relevant differential equations for d 3 and 4 are shown in figure 3. 0.8 0.6 0.4 1 0.2 0 0.2 0.4 0.6 0.8 1 x 0.8 0.6 0.4 1 0.2 0 0.1 0.2 0.3 0.4 x (a) 3-regular graph, phase",NOTUTILIZE,MENTION
201669326,239198510,"validity of the numerical solution, based on the comparison to the analytical one, we refer to 4 . to visualize our meshes, we have implemented a simple interface to the visualization toolkit (vtk) , a collection of c classes that implement a wide range of visualization algorithms. the central data structure for this project is the vtkunstructuredgrid, which represents volumetric data as a col",UTILIZE,USE
15150829,16238405,"nment independently before giving combined results. to test our algorithms, we worked with arbitrary ncrna subfamilies of known predicted structure from the rfam 6 and the 5s ribosomal rna database . four sub-families are considered here, trna, 5s rrna, a purine riboswitch, and the hammerhead ribozyme. a description of these sub-families is deferred to the final version. for every sub-family, we",NOTUTILIZE,NOTALGO
2387631,2523903,"recognition problem for g does not exceed o(igim(1 p)nl 2p), where n is the size of the input string ala2 quot; .a, . proof (sketch) we adopt the memoizing recursive descent algorithm present ). as g is not left-binding, the terminal words associated with variables occurring in the grammar rules can be fully determined while proceeding through sentence and rules from left to right. because",UTILIZE,EXTEND
42010873,40404615,"n of the algorithm presented in 19 because it can handle difficult cases, including non-uniform polygon soups. some other techniques produce fast results but cannot be applied in all cases, such as which requires as input a watertight mesh. we compared our method with the binvox program 34 , which is based on the algorithm proposed by nooruddin and turk 36 (discussed in section 2.2), and wit",NOTUTILIZE,MENTION
2645485,2759845,"on tree learner c4.5 26 , probabilistic method naive bayes 19 , the rule learner part 11 , the relevance feedback rocchio algorithm 27 , and the kernel method called support vector machines (svm) . our evaluation has been performed using the receiver operating characteristics convex hull (rocch) method 22, 9, 23 . this method is based on plotting receiver operating characteristic (roc) curves",NOTUTILIZE,MENTION
2814466,2932655,"traction is a fundamental technique of scientific visualization and one of the most useful tools for visualizing volume data. the predominant algorithm for iso-surface extraction, marching cubes (mc) , computes a local triangulation within each voxel of the volume containing the surface, resulting in a uniform resolution mesh. often much smaller meshes adequately describe the surface since mc mesh",NOTUTILIZE,MENTION
40312438,38845825,"we have also extended the results of 50 to the case of partial observation in order to handle more realistic applications 41 . symbolic algorithms have also be developped and implemented in sigali 4. application domains 4.1. panorama keywords: telecommunication, control-command systems, smart-cards, software embedded systems, transportation systems. the methods and tools developed by the verte",NOTUTILIZE,NOTALGO
2092373,2213692,"n s fully-interpretive javainjava virtual jvm 17 , but is some way from matching the approaches discussed earlier based on the jdi virtualmachine.redefineclasses() feature 13 and using breakpoints . veneer is at an early stage of its development, and we expect to improve its performance substantially. the implementation whose performance is reported here suers a substantial overhead at each fr",NOTUTILIZE,NOTALGO
69045013,67812389,"irst establish a set of players w, denoted 1,... ,w, a trusted designer dealer, and traitor. this systems also has a signature verification, a share verification and share combining algorithms. shoup only uses 2 variables, however in our investigation we must remain consistent with the majority of the literature and consider 3 parameters. so we denote the number of corrupted players as c, the num",NOTUTILIZE,MENTION
7485283,7832244,"tees available to network applications. the realization of these schemes requires advances in traffic specification 39, 43 , resource reservation 44 , resource mapping 45-47 and admission control , scheduling algorithms 4 39, 51-54 and queue management 55 , along with various other control and management mechanisms such as traffic policing. pricing design for multi-service networks has also",NOTUTILIZE,MENTION
28179200,28885629,"lar recommendations on cryptographic algorithms and key lengths to be used for different scenarios. the european ist research project ecrypt releases their yearly reports on algorithms and keysizes covering a broad range of cryptographic algorithms and related topics. table viii contains an excerpt of the relevant information, such as key length of comparable strength and recommended usage scen",NOTUTILIZE,MENTION
1073527,1145198,"s used to enable packet and circuit switching. while we focus on packet-switched unicasting and multicasting in this paper, our protocol extends to circuit-switching in a straightforward fashion; see for a discussion on the circuit switching aspects of our protocol. the fec is used by the receiver to correct rare sporadic bit errors in the control packet or to detect a control packet collision. c",NOTUTILIZE,NOTALGO
16954287,18103980,"from association rule mining. the patterns in 5 are build in a breadth first manner. it is well known, however, that this approach is inferior in performance to depth first search for long patterns as performed by our algorithms. nevertheless, the search for closed frequent itemsets can become infeasible for a large number of items. the novel concept of margin closedness helps to partly allevia",NOTUTILIZE,MENTION
59952194,59304738,"ral separation properties weaker than those considered in this paper. they use a nash-moser algorithm suited for finitely differentiable nonlinearities, already employed in the one-dimensional case , and they find solutions belonging to suitable sobolev classes. by construction, their method looks for a sobolev regularity, and hence it produces only a finite smoothness even when applied to syste",NOTUTILIZE,MENTION
18274094,19462005,"extents tend to be larger sets of documents and to involve documents with less similarity. in other words, the quality of those extents becomes worse. for this reason, we revise our former algorithms so that we try to find only top n extents w.r.t. the same evaluation schema for clusters, keeping the quality of extents by a given lower bound for the corresponding intents. (fc1: evaluation) extent",UTILIZE,EXTEND
17059359,18213463,"ed annealing stochastic approximation monte carlo (asamc) algorithm, for mlp training. asamc can be regarded as a space annealing version of the stochastic approximation monte carlo (samc) algorithm ( ). let e x : u(x) umin denote a neighbor set (in the space of energy) of the global minimizers, where is any positive number. under mild conditions, we show that asamc can converge weakly to",NOTUTILIZE,MENTION
33877238,33908754,egmentation on the indicated region when it becomes meaningless to partition further. the stopping conditions use region scale and contrast to detect oversegmentation. fast level set transform (flst) also provides a hierarchical representation of an image but is different from our algorithm. flst uses a bottom-up region-growing algorithm to compute the family of lower (resp. upper) level sets wit,NOTUTILIZE,MENTION
71744502,70816119,"mages to results obtained on the same images when artificial gaussian noise is added. this is (the common way) to simulate increased noisy data. abutaleb s higher-order entropy binarisation algorithm is used to assist the comparison between the three operators. section 2 introduces the basic concepts of our paper, including a summary of the edge detectors used. section 3 covers which data we use",UTILIZE,USE
24214129,25101457,"esults on the allocation problem with general utilities, see 20 . for the class of submodular utility functions, the allocation problem is still np-hard. the following positive results are known: in it was shown that a simple greedy algorithm using value queries achieves an approximation ratio of 1 2. an improved ratio of 1 1 e was obtained in 4 for a special case of submodular functions, the",NOTUTILIZE,MENTION
1616154,1708287,"a circular trajectory it implies that a higher resolution can be achieved by placing the object so that the full detector is within the support of the roi. there have been interesting investigations for 3d roi tomography. however, these algorithms start from the grangeatformalism which is a full 3d algorithm. we start with the (fdk)-algorithm 1 , which is a modified 2d-algorithm. although it ha",NOTUTILIZE,MENTION
18139950,19327452,"and (6) as columns in a dantzig wolfe decomposition. fig. 2. greedy rounding algorithm. fig. 3. freezing algorithm.sthe lagrangian dual optimum is known to be as least as tight as the linear optimum ( ). the following example establishes that it is strictly stronger on some instances of the tvbp. for instance with n m 2,g1 g2 1,q1 q2 1,r1 r2 2,a1 3,a2 1,c1 c2 1, the continuous sol",NOTUTILIZE,NOTALGO
14446543,15492544,"computationally more efficient than the one introduced in 27 . related prior work for region based segmentation using curve evolution implementation is by l. cohen 12 , 13 , paragios-deriche 21 , , 23 , tsai, yezzi and willsky 26 , among other work mentioned in 27 . we also mention the segmentation model by zhu-yuille, in a probabilistic energy minimization approach 30 . 2 description of t",NOTUTILIZE,MENTION
202792717,240810698,"et al., 2007a, b). in our analysis, we use the land and ocean aot retrievals from the modis aqua instrument, valid at 550 nm, from the collection 5 modis algorithm products (remer et al., 2005, 2008; ). the retrievals are made at a nominal 10 km",UTILIZE,USE
25850508,26605657,". we present a method to set a priori preferences for certain objective functions that bias the optimization process to the desired objective space regions extending the adaptive hypercube repository . the adaptive hypercube strategy for real objective values is based on the histogram technique. the objective space occupied by individuals in the repository is separated in hypercubes n h i ,",NOTUTILIZE,NOTALGO
5728391,5928777,"real-time was suggested by 1 . in 2 a solution based on gradient flows on the smooth manifold of positive definite matrices was presented, simplified versions of which were applied in experiments . now we present a comprehensive realtime implementation of the gradient flow algorithm for both constant and time varying grasps. complete symbolic a priori calculation of the gradients for three and",NOTUTILIZE,MENTION
138591,140804,"hen calculating a wcet estimate for a fact cluster and its covered scopes. for example, for the calculations of the main scope or the last range of loop, both our path-based 9, 30 and extended ipet methods can be used. for fact clusters with more complicated flow information, such as f3,f4 , our extended ipet calculation method is preferably used. 9. measurements and evaluation in order to dem",UTILIZE,EXTEND
27844403,28556061,". the consideration of all possible options at each stage of the interpretation process is computationally intractable. scusi uses two computational devices to generate interpretations in real time: an anytime algorithm 6 , and (2) a processing threshold. the anytime algorithm ensures that the system can return a list of ranked interpretations at any point after completing an expansion. in each",NOTUTILIZE,MENTION
202073905,239780832,"eighting as introduced and discussed in 8 . 3.2 clustering algorithm our algorithm is based on stable weighted cluster topologies generated by the node and link weighted clustering algorithm (nlwca) . the clusters are formed by electing among the stable neighbors the node with the highest node weight. in order to generate and protect stable cluster structures, this algorithm also assigns weights",UTILIZE,USE
17883730,19066426,"ation 27 tion to the block between the scheduling points expected to be executed the least frequently. the implementation of gvn and gcm in the safetsa compiler is based on the algorithms of click , which are broadly comparable to the techniques used in jikes rvm s bytecode compiler. global code motion starts with early scheduling, which determines, for each instruction, the first basic block",NOTUTILIZE,MENTION
6960788,7277349,"ms and developed others by explicitly utilizing the theory of dp. he used the term incremental dynamic programming to refer to this class of algorithms and discussed many examples. williams and baird theoretically analysed additional dp-based algorithms suitable for real-time application. we have also come across the work jalali and ferguson 32 , who independently proposed a method similar to ad",NOTUTILIZE,MENTION
7645717,8000725,"ive the formal proofs of correctness for phasei and phaseii. 3 3 related work most large itemset computation algorithms are related to the apriori algorithm due to agrawal srikant, c.f. as94 . see for a survey of large itemset computation algorithms. apriori exploits the observation that all subsets of a large itemset are large themselves. it is a multi-pass algorithm, where in the k-th pass a",NOTUTILIZE,MENTION
869194,929990,"adjective or an adjectival verb using the rrg operators as grammatical categories. the implementation is inspired by the technique of representing a paradigm in reversed lists as shown in gal et al. . the following is a typical example of the main predicate analyse, which takes a predicative word and returns its morphological composition. the first word kakaserareta was caused to write consists",NOTUTILIZE,NOTALGO
4237936,4380682,"interesting. mimd algorithms are ecient at rapidlysnding the amount of available bandwidth, but it is believed that they lead to instability as well as unfair sharing of resources; see chiu and jain the other hand, it has been observed for some time ( 5 , 10 , 11 ) that if most hosts follow aimd ( are altruistic quot;) then aggressive individual hosts are able to subvert aimd congestion control i",NOTUTILIZE,MENTION
24735571,25582387,"algorithm running in time f o(1) 2 (1 ) 1 k . we apply our construction, taking the known polynomial-time algorithms mentioned above as a0. for example, taking the 7 8-approximation algorithm ( ), we obtain the (7 8 )-approximation algorithm for max 3sat that runs in time f o(1) c k . the techniques used. to construct an ( )-approximation algorithm from an -approximation algori",NOTUTILIZE,MENTION
81884207,79428782,"uctions, thanks to the definition of the tower of extensions. to date, the fastest way for computing the hard part (line 10 of algorithm 3) of the final exponentiation involved a multi-addition chain . the corresponding algorithm hard-part is given in appendix in a way using less temporary variables than in 29 . moreover, as noticed in 17 , f is in g 6(f p 2) and squaring such an element is less",NOTUTILIZE,MENTION
24050521,24955311,"all vertices within a specified distance of q are returned, sorted by distance from q. other variations are possible, of course. the variant considered here is the original prm algorithm described in , page 25. the connect function in line 7 uses a fast local planner to attempt a connection between q and v. usually, a straight line path in cfree is evaluated between q and v by stepping along inc",NOTUTILIZE,MENTION
7904444,8287293,timate state without the interference of an external agency. systems that reach a legitimate state starting from any illegitimate state in a finite number of steps are called self-stabilizing systems . recently there has been a spurt of research in designing self-stabilizing distributed graph algorithms for many applications; a good survey of self-stabilizing algorithms can be found in 14 . 2.2 m,NOTUTILIZE,NOTALGO
149778507,131527239,"existing data sets for the av research community. in particular, a strong effort has been made to produce a variety of multimodal data sets focusing on faces and speech, like the av-timit 15 , grid , m2vts 31 , xm2vtsdb 27 , banca 3 , cuave 30 or mobio 25 data sets. these data sets include individual speakers (av-timit, grid, m2vts, mobio, xm2vtsdb, banca) or both individual speakers and",NOTUTILIZE,NOTALGO
4705079,4861823,"e transformed to control data flow graph (cdfg). then a batch of algorithms will transfer this cdfg in to register-transfer level, consisted of data path and control unit. this process, as explain in , is called high-level synthesis. in this paper we propose an algorithm to synthesis the data path. this problem is known to be an np-hard problem as state in 4 , 10 , 24 . pierre g. paulin and joh",NOTUTILIZE,MENTION
25688818,26460765,"er data have become an active research area. motivated by the increased ability to produce high-quality data quickly, these algorithms have become crucial in cost-effective analysis of data (see ref. ). one difficulty in applying automatic structure revealing algorithms to raw spectroscopysvolume 111, number 2, march-april 2006 journal of research of the national institute of standards and technol",NOTUTILIZE,MENTION
26869266,27571515,"t, pages can be analyzed as structured images, as described in the previous part. in theoretical papers on algorithmic and web computing, the web (web pages and or web sites) is considered as a graph . in the same way, in this article we will consider web sites as graphs. a particular graph which corresponds to the web pages of the site and the hypertext links between them. each node of the graph",NOTUTILIZE,MENTION
77511717,75692218,"r (a mobile node or mn) to enter into the network - and transmission control: how to share the network resources among the admitted users. in this work we focus on general packet radio service (gprs) , and on enhanced gprs (egprs) 5 , but the resource allocation algorithms that we are developing can be also applied to other cellular data networks. in 13 , 3 , we have investigated different algo",NOTUTILIZE,MENTION
10330706,10985951,"verge locally to an optimal ml solution, provided that the current mixture vectorsw t is close to the ml solution and given the usual assumptions. moreover, using techniques similar to those in 15 , , it can be shown that it is better to use a learning rate j 1 rather than the rate j 1. this implies that the em algorithm is not optimal for this family of update rules. this analysis is support",NOTUTILIZE,MENTION
18277863,19465893,entary row transformations until a is finally diagonalized. we use the notation presented in 13 to make the algorithm more clear and codable. we only give the algorithm here and refer the reader to for figures and details.s98 h. sak et al. parallel computing 33 (2007) 92,NOTUTILIZE,NOTALGO
19891862,21108222,"dern pretty-printers. in addition to oppen, many language independent pretty-print algorithms are described in the literature. traditional algorithms which are more or less similar to oppen s include . a consequence of conditional formatting is an exponential growth of the possible formattings. while the traditional algorithms only consider a small subset of these formattings in order to limit ex",NOTUTILIZE,MENTION
9145624,9670805,". also distributed power control algorithms (pca s), iteratively adjusting the power in the individual links based only on measurements in that link have been shown to achieve similar performance( 9 , - 13 ). in 18 an algorithm that integrates power control and base assignment is presented. most of the previously reported schemes, assume that the transmitter power can be continuously adjusted wit",NOTUTILIZE,MENTION
15506326,16610227,k access. birch 17 represents an important precursor in efficient clustering for databases. it is linear in database size and the number of passes is determined by a user-supplied accuracy. clarans and dbscan 6 are also important clustering algorithms that work on spatial data. clarans uses randomized search and represents clusters by their medioids (most central point). dbscan clusters data,NOTUTILIZE,MENTION
5787376,5992090,"e e.g. 5, 6, 7, 8, 9 . in 10 , ml sequence estimation with unknown random phase or fading parameters treated as missing data is derived. similar to 10 , the expectation maximization (em) algorithm is used in 12 for detection in a multiuser synchronous channel, rather than estimation of unknown parameters. in 13 , multiuser receivers iterate between the em algorithm for amplitude estimation",NOTUTILIZE,MENTION
39046900,37635505,"nd zj yjkj wj, for all j . it is easy to see that this transformation preserves the value of the objective function. the lemma follows by solving this lp in time poly( ), for example, using . the algorithm. the collision count of si, thesamplesin an interval i, is defined to be coll(si) def ( ) occ(i,si ) i i . 2 the following lemma relates the collision count to the l2norm 3, 2 : l",NOTUTILIZE,MENTION
13536424,14524456,) algorithm we obtain for the data type two-dimensional array (n is the number of elements in the input array) with max replaced by min is described by dijkstra 36 . the algorithm given by smith for the same problem is a catamorphism on the bird malcolm data type two-dimensional array with the same time-complexity. i am not aware of other work on maximum subarray sum algorithms on arrays of,NOTUTILIZE,MENTION
79636683,77524648,"lustering results. 1. introduction recently, there have been many algorithms proposed for nonlinear dimension reduction, which include isomap (tenenbaum et al., 2000), locally linear embedding (lle) ( ), kernel-lle (ham et al., 2004), hessian lle (donoho grimes, 2003), local tangent alignment (zhang zha, 2004), laplacian embedding (hall, 1971; belkin niyogi, 2001), and many variations. above",NOTUTILIZE,MENTION
29028843,29716085,"per. 2.2 dendritic cells in this section a brief overview of the biological principles used in the dendritic cell algorithm are introduced. for more detailed discussion of dc biology, please refer to or 4 . in the human body, dcs have a dual role, as garbage collectors for tissue debris and as commanders of the adaptive immune system. dcs belong to the innate immune system, and do not have the a",NOTUTILIZE,MENTION
9051132,9562917,"algorithm on image sequences and comparison to existing algorithms, ffl exploration of the use of this avq algorithm in combination with other image coding techniques, including differential vq (dvq) and the discrete cosine transform, ffl design of avq hardware using this algorithm with the vq chips described in 22 , ffl possible implementation of this hardware design. 6. summary it is anticipat",NOTUTILIZE,MENTION
2241226,2371282,"is given on the display, and knows the dialogue history. oot, however, as a sort of wast-paperbasket category for all other types of offtalk, is more problematic; for a discussion we want to refer to . note, however, that the labellers listen to the dialogues while annotating; thus, they can use acoustic information, e.g., whether some words are spoken in a very low voice or not. this is of course",NOTUTILIZE,NOTALGO
35007248,34878504,"rithms, however, are computational- power hungry for the exhaustive search of large video database. for large video database, search speed is an important issue of video search. base on active search , a temporal pruning algorithm, kashino et al. 1 improved the conventional multimedia search algorithm. feifei lee, qiu chen, and tadahiro ohmi are with new industry creation hatchery center, tohoku",NOTUTILIZE,MENTION
15144628,16231999,", the signature si(l) of an m - order discrete state l (l1, . . . , ln), m 1, is determined by checking what different symbols appear in each of the sets si(l ) l v(l) , i 1, . . . , n . we give here an informal and intuitive description of the algorithm from 22 for finding transitions of ds. for every state l (l1, . . . , ln) l, a set l is created, such that l l contains",NOTUTILIZE,MENTION
16226141,17354221,"assumption and have a narrow scope of applicability. recently, several techniques have concentrated on reducing the computational complexity of eigen-decomposition based methods: pesaventosand haardt presented a real-valued variant of root-music based on the unitary transformation. lineborge 35 developed several efficient algorithms for real value singular value decomposition (svd). in this cha",NOTUTILIZE,MENTION
10840154,11559091,"n a transactional data set. following the seminal work by agrawal and colleagues 2 , over the last decade there has been a proliferation of efficient algorithms developed for frequent pattern mining . during this same time frame, processor speeds have increased 40-fold according to moore s law. however, dram speeds have not kept up. given the memory intensive nature of such algorithms, and the wi",NOTUTILIZE,MENTION
32658732,33003105,"general theory for synthesizing stabilizing control laws under arbitrary system and information constraints is still lacking. due to its ability to handle constraints, model predictive control (mpc) has become one of the preferred tools for setting up control algorithms. interesting examples of non-centralized implementations of mpc are 1 4 , 6 10 . when stability is the main focus, a suc",NOTUTILIZE,MENTION
4613884,4769449,"we provide some concluding remarks. there is still a large room for further improvement and numerical tests. in future works, we will apply this method in conjunction with fast algorithms ( 4 , 7 , ) to solve 2 other elliptic problems in complicated domains. 2 controllability let , n (1),1 (i.e. the maps defining the boundaries of the domains and their derivatives are lipschitz continuous) b",NOTUTILIZE,MENTION
65663662,64437216,"both topologically and numerically limited compared to modern dynamic implicit surface approaches. surface reconstruction from 2d images recently, several new volumetric algorithms have been proposed that simultaneously reconstruct the surface and obtain dense correspondence. the method of space carving or voxel coloring 20, 14 directly works on discretized 3d space, voxels, based on their imag",NOTUTILIZE,MENTION
42568522,40915202,our safmdl work differs from their work on not only providing mechanisms for validating feature model constraints but also extending feature model for semantic annotation of the features. peng et al developed an owl ontology for feature modeling which helps in validating and tailoring feature models. the proposed ontology categorized features according to underlying business model. in their appr,NOTUTILIZE,MENTION
60489046,59909608,"to study the attractor behaviour of extremal black hole horizons in ads. the attractor mechanism was discovered in the context of n 2 supergravity 10 , then extended to other supergravity theories . it is now well understood that supersymmetry does not really play a fundamental role in the attractor phenomenon. the attractor mechanism works as a consequence of the symmetry of the near horizon e",NOTUTILIZE,NOTALGO
8273545,8701648,"clindex s cf clustering algorithm, we replaced it with a more sophisticated algorithm, and then stored the clusters sequentially as usual. the re13 placement algorithm used is vq, a k-mean algorithm implemented for clustering data in high-dimensional spaces. it has been widely used in compression and lately in indexing high-dimensional data for content-based image retrieval 31, 32 . ffl r -tree",UTILIZE,USE
41930292,40327489,"d frequencies in order to improve the capacity. in 2 , the authors assume mobile nodes themselves dispose of wlan interfaces, and provide a routing protocol that finds and maintains relay routes. in , small networks with 1-hop relays are considered. scheduling algorithms for relay networks are discussed in 5, 6 . in 5 , the authors discuss several simple scheduling schemes. more advanced schedu",NOTUTILIZE,MENTION
99647,99158,"2000-db1 data set. fig. 6. examples of fingerprint images from the fvc2000-db2 data set. 4.2 experimental protocol our experimental protocol is very similar to the one proposed in the fvc competition r each matcher, or any combination of the two selected matching algorithms, we computed two sets of scores. the first one is the genuine-matching scores set g, made up of all comparisons among f",NOTUTILIZE,MENTION
1981297,2096658,"n the study of sequential decision problems and has been addressed by scientists in many different fields, including ai planning, decision analysis, operations research, control theory, and economics . a very wide class of planning problems in these areas can be modeled as markov decision processes (mdps) and treated by using algorithms of decision theory. the term dynamic programming (dp) refers",NOTUTILIZE,NOTALGO
12725357,13640190,"e video frames to overcome the mentioned artifacts, with no need for further image blending. 6.2 related work quite a lot of 2-d super-resolution algorithms have been proposed in the literature (e.g. ). the theoretical work of papoulis in 1977 is the basis for almost all super-resolution techniques 103 . his approach has been generalized to 2-d signals (images). the first super-resolution algorit",NOTUTILIZE,MENTION
37272620,36243446,"ated the techniques into a tool, called optimised set reduction (osr) to provide benchmark results for spice trials participants. the tool uses traditional machine-learning techniques in an algorithm that is able to generate a set of patterns relevant to the industry to be predicted. in the spice trials, benchmarking is performed against each process assessed, so the result is a benchmark profile",NOTUTILIZE,MENTION
9983634,10597081,"method mrtt53 ). - floating and exact arithmetic, efficient for degenerate cases. the exact version cddr is much slower. it can remove redundancies from input data using a built-in lp code. ffl lrs (c implementation of the reverse search algorithm af92 ). a parallel version prs has been developed by a. marzetta, see bmfn96 . - exact arithmetic only, efficient for nondegenerate cases. uses a l",NOTUTILIZE,MENTION
14697928,15761820,". general terms algorithms, documentation. keywords version control, program slicing, program slice encoding. 1. introduction software configuration management (scm) tools such as cvs 1 , subversion , and clearcase 3 are intensively used to perform version control and manage source code changes in modern software development projects. when submitting source code changes using these tools, best",NOTUTILIZE,NOTALGO
18242872,19431177,".4.1 md5 collision considerations brute force attack the md5 algorithm is susceptible to collisions, as are all hash functions. a collision occurs when two different messages hash to the same value . without considering the presencesof an attacker, there is a chance that two random messages hash to the same value. the birthday attack, resulting from the birthday paradox, states that for for an n",NOTUTILIZE,MENTION
14559388,15614942,"niques with the generic approach in section 4.5). recent research has focused on finding more efficient privacy-preserving algorithms for problems such as computation of approximations 10 , auctions , set matching and intersection 12 , surveys 11 , and various data mining problems. some smc research has used branching programs instead of circuits as function representation 14,29 . it is still",NOTUTILIZE,MENTION
10229671,10870436,"ammars (without left-corner or unit production recursion) . the parser now uses the method described here to provide exact scfg prefix and next-word probabilities to a tightly-coupled speech decoder ( ). an essential idea in the probabilistic formulation of earley s algorithm is the collapsing of recursive predictions and unit completion chains, replacing both with lookups in precomputed matrices.",NOTUTILIZE,NOTALGO
41897956,40295729,"o(k log( k)) in keralapura et al. 2006 . for the (k, f0, , ) problem, we give a (randomized) upper bound of2 (k 2 ), which improves upon the previous result of o(k2 3 log n log 1 ) in . we also give a lower bound of (k). it is well known alon et al. 1999 that any deterministic algorithm that solves even the one-shot f0 or f2 problem has to use (n) communication. our most invo",NOTUTILIZE,NOTALGO
17705428,18884485,"ral networks. it has been used for a large number of practical applications such as speech processing 29 , 30 , sonar radar target detection 9 , 10 , 28 , control 22 , 24 , and medical imaging . the bp algorithm is unfortunately computationally intensive. as a result of this, there have been several investigations into developing parallel formulations of this algorithm for a diverse range o",NOTUTILIZE,MENTION
59394286,58643993,"demographic and preference information in their profiles, and make connections to friends and acquaintances. networkaware recommender algorithms and systems that leverage this information (e.g., 5 , ) are a promising route to improving the utility of cf-based information filtering. however, most of this work poses recommendation in social media as still doing collaborative filtering for individua",NOTUTILIZE,MENTION
21537235,22659579,"ed usind dpll-like algorithms 6, 5 , for example the 1.505 n bound for 3-sat 10 . newer deterministic algorithms borrow ideas from randomized approaches to testing satisfiability. the algorithms in that have the best known upper bounds for k-sat are based on the derandomization of multistart random walk. they cover the boolean cube 0, 1 n by hamming balls and apply a local search method to fi",NOTUTILIZE,MENTION
34509726,34447221,"are distinguishable (which they are not in 5 ). 4 security models 4.1 chosen plaintext security we begin by extending the usual left-or-right (lor) indistinguishability game for a cpa adversary from to handle stateful encryption and leakage of length information. this extension is only needed at intermediate steps in our security analysis, while we are primarily interested in the security of the",UTILIZE,EXTEND
8820597,9304726,"s in the design of complex systems. specifications are property-oriented descriptions, while programs are executable descriptions of an algorithm. we use two specification formalisms, the -calcu and maude 25,28 for the object-oriented specification of concurrent systems. maude has been developed especially for the object-oriented specification of concurrent systems. the rewriting calculus",UTILIZE,USE
42653032,40980093,"a well shaped mesh g. as we show in section 4, we use a fully-balanced decomposition tree of a mesh g to generate a cache-oblivious mesh layout of g. our construction algorithm is an improvement over in two respects. first the algorithm is faster, requiring only o( g log 2 g ) operations in expectation and with high probability, o(1 ( g b)log 2 ( g m)) memory transfers in expectation, and o(1",UTILIZE,EXTEND
37556520,36395945,"tress at (version 2), written by j m sprauel. the program allows us to choose between different algorithms: the middle of chord at a given level (usually 40 of the net height), the centred centroid or the parabola method. the background can be modelled by a straight line and removed or not. the six possibilities (three methods with or without background removal) were tried for each material. th",NOTUTILIZE,MENTION
87981506,84517186,"es of computationally difficult problems. other implementations using superscaler, register and vector technology have also achieved a consistent speedup set against comparable serial implementations . in this paper we adopt the computationally intensive parts of ipm to a vector computer. we have implemented a specially adapted matrix multiplication algorithm and extend the cholesky factorization",NOTUTILIZE,NOTALGO
8939654,9436280,"compute in polynomial time (and in nc ) the invariant t i , and an instance i 0 in poly such that t i t i 0 . proof for i in alg, t i can be computed in nc using the cell decomposition algorithm of . the topological invariant also allows to construct, for each h-equivalence class, a representative instance over poly , as follows. a classical result in graph theory known as f ary s theorem f a48",NOTUTILIZE,MENTION
19006484,20204028,"onstant). we show an approximation preserving reduction from lm-ac in the tree topology to gsc, and present a -approximation algorithm for gsc, which extends -approximation algorithms for set cover and multicover 21 . our algorithm for gsc translates into a c-approximation algorithm for lm-ac in the tree topology. we note that this algorithm works on any network in which the requests have pres",UTILIZE,EXTEND
12890390,13817547,"is concise representation, without scanning the database. 4. we present connections between our proposal and recent proposals for concise representations, such as free sets 6 , disjunction-free sets , and closed sets 13 . we also show that known tricks to improve performance of frequent itemset mining algorithms, such as used in maxminer 4 and pascal 3 , can be described in our framework. 5.",NOTUTILIZE,MENTION
22858008,23861616,"the cost of structure is at most times of the optimal. in literature, this structure is said to be a -approximation of the optimal and is called the approximation ratio. takahashi and matsuyama first gave a polynomial time algorithm that can output 2-approximation of the minimum cost steiner tree (mcst). then a series of results have been developed to improve the approximation ratio. the cu",NOTUTILIZE,MENTION
83075369,80408000,"mplement the use of modeling and simulation study of such hybrid real-time systems, we extend here the verification method, based on rta-devs, hybrid timed automata and the qss that was introduced in , which allows verifying real-time hybrid systems modeled by devs formalism. this extension allows the transformation of the qss model into overapproximation ta model using interval arithmetic to solv",NOTUTILIZE,NOTALGO
1541990,1630891,"his paper we focus on the research stream related to extended-hebbian-learning based techniques. some contributions on the use of such methods to blind source separation have been given in 1 , 17 , , 31 , where various extensions of hebbian and anti-hebbian basic principles have been presented and adapted to signal separation and represen2 ieee transactions on circuits and systems",NOTUTILIZE,MENTION
42624019,40959424,"n between these lines is zero, see figure 3(b). this method can be extended to highlight bands, lines where d r (r fixed) is verified. for details on the algorithms to compute highlight lines see . 4.3 isophotes inria-00193551, version 1 - 7 dec 2007 isophotes are lines of equal light intensity. if x(u, v) is a parameterization of the surface and l the direction of a parallel lighting, then th",NOTUTILIZE,MENTION
11001385,11747692,"partitioning for image and video segmentation 21 and to extend the eigenfunctions of a data-dependent kernel to new data points 6, 28 . related work taking advantage of low-rank structure includes . 1.2 summary of main result in this paper, we develop and analyze an algorithm to compute an easily-interpretable low-rank approximation to an n n gram matrix g. our main result, the main approximati",NOTUTILIZE,NOTALGO
42546309,40897063,"ability of fixed point iteration processes has not been investigated in uniformly convex banach space. our results generalize, extend and improve some of the results of harder and hicks 11 , rhoades , osilike 23 , berinde 2, 3 as well as imoru and olatinwo 12 . key words: uniformly convex banach space; ishikawa iteration process. ams mathematics subject classification: 47h06, 54h25. 1. introd",NOTUTILIZE,NOTALGO
213794677,184162237,"beam walking deficits in rats and cats recovered from smcx injury. hemiplegic symptoms reappear in the limbs contralateral to the cortical injury and therefore are unlikely nonspecific drug responses . additionally, hemiplegia is not reinstated by a single dose of haloperidol or propranolol (17), or by a sedative dose of pentobarbital (96). worsening of symptoms by pbz has also been reported in th",NOTUTILIZE,NOTALGO
24446200,25320601,"sums to determine the centers of clusters for the next iteration. 4.2 expectation maximization clustering the second data mining algorithm we have used is the expectation maximization (em) algorithm , which is also a very popular clustering algorithm. em is a distance-based based algorithm that assumes the data set can be modeled as a linear combination of multivariate normal distributions. the g",UTILIZE,USE
3001686,3124177,"ies) decision trees of constant rank in polynomial time and gave a pac-learning algorithm for general polynomial size decision trees in time n o(logn) , (see also bl92,r87 ). kushilevitz and mansour gave a polynomial time pac learning algorithm with membership queries for decision trees under the uniform distribution. hancock h93 gave a polynomial time algorithm for pac learning read-k decisio",NOTUTILIZE,MENTION
7017403,7339474,"act implementation of the simplex algorithm using a semi-static aeoating-point lter for better eoeciency. however, g rtner needs to compute the inverses of the base matrices with exact arithmetic. in it is shown how to compute a veried inclusion for the solution of a linear systemsax b and the method is applied to a partially correct implementation of the simplex algorithm. we present another n",NOTUTILIZE,MENTION
17592665,18769632,"best of our knowledge, only palsberg and jim approached this subject. in 17 they study the type inference problem for one of the abadi-cardelli systems 1 extended with the notion of selftype. in , palsberg presents an algorithm for the abadi-cardelli",NOTUTILIZE,NOTALGO
41538095,39937486,"d to consider different zones. by sorting the 4 endpoints 1, 0, 0, and 1, we get z1 1 z2 0 z3 0 z4 1. thus, here, we have 3 zones z1, z2 1, 0 , z2, z3 0, 0 , and z3, z4 . 1) for the first zone z1, z2 1, 0 , according to the above algorithm, we select x2 0 and x1 . to determine the value , we form the quadratic equation (13): 1 2 (02 2 ) 1 4 (0",NOTUTILIZE,NOTALGO
126381661,113576988,"in table 1. as can be observed, the proposed algorithm leads to an improvement of 1.4 relative to the majority logic based method, significant at 5 level. the simple data independent algorithm from leads to an improvement of 0.7 over the majority logic baseline, but it is not statistically significant. table 1: area under roc for the 3 algorithms on the test set. fold no. majority logic simple",NOTUTILIZE,NOTALGO
4508654,4659036,"he case of multiprocessors, where data and cache line sharing between processors represents an additional source of cache misses. we have developed several algorithms to enhance the cache performance . our techniques include (1) changing the instruction execution order to increase a program s locality of reference (this technique is commonly known as blocking), (2) intelligently assigning computat",NOTUTILIZE,MENTION
44574543,43430109,"sentially optimal. however, if has size n o( g 1 2 ), we can do asymptotically better with an o(n g 1 2 ) algorithm. this is achieved by computing a basis for g via a generic algorithm (as in ), and then determining the representation of each i x in this basis using a vector discrete logarithm algorithm (such as 64, alg. 9.3 ). it is then straightforward to compute gi for each i an",NOTUTILIZE,MENTION
20275711,21499240,"r example, mva for fixed-rate servers and convolution for queue-dependent servers. in this case normalization constants are needed and can be computed from the outputs of the mva algorithm, using eq. , for example. dynamic scaling will then be necessary. we have also considered bcmp networks with external arrivals, departures, and population size constraints. we have shown that the class local bal",NOTUTILIZE,MENTION
39144684,37725474,"identical transmission radius. before reviewing these results, we first introduce a key definition of approximation algorithm that will be used in this paper. definition 1.1: approximation algorithm : an algorithm solving a minimization problem is a p-approximation algorithm (or has a performance ratio p), if the solution provided by the algorithm is no more than p times the optimal solution. rel",UTILIZE,USE
11150084,11903983,"ample provider that implements the naive bayes algorithm. netz 18,19 presents an useful overview that describes the ole db for dm technology. siedman brings out an excellent reference to sql for dm . however, the task of creating a provider and implementing an algorithm remains complex due to the lack of discussion about experiences in doing this work. the main objective of this paper is to desc",NOTUTILIZE,MENTION
36203583,35669362,"nowadays widely available and used in many still image applications. moreover a new generation of still picture coding algorithms is currently being developed in the project jpeg2000. 2) ccitt h.261 the ccitt h.261 coding algorithm for videophone and videoconference communications at px64 kbit s, (p 1,...,30), is a hybrid coding scheme, mainly characterized by the use of temporal prediction, dis",NOTUTILIZE,MENTION
44724302,43618778,"thresholding. gcprl, which stands for greedy cprl, is a new greedy approximate algorithm tailored to the lifting technique in (5). the algorithm draws inspiration from the matching-pursuit algorithm . in each iteration, the algorithm adds a new nonzero component of x that minimizes the cprl objective function the most. we have observed that if the number of nonzero elements in x is expected to be",NOTUTILIZE,MENTION
141335085,125210523,"p experiments are usually conducted at major accelerator sites where experimentalists perform detector design and construction, signal processing, data acquisition, and data analysis on a large scale . the size of a collaboration is 100 2000 physicists. hep requires a particularly well-developed e-science infrastructure due to its need for adequate computing facilities for the analysis of result",NOTUTILIZE,NOTALGO
18032745,19219398,"manceofthepb -tree on the itanium 2 processor, focusing on various implementation choices and their effect on performance. 1. introduction modern computers are based on the von neumann architecture , which separates the processing unit (cpu) and storage (main-memory). the trend in the last two decades has been that cpu speed is increasing at a rate of about 60 per year, whereas main-memory spee",NOTUTILIZE,NOTALGO
6258244,6501486,"hence by theorem 6.1, dimh ( t ) 2 log 2s0 16 wheres0 is the largest root ofs3 gammas2 gamma 2. in general, the set k 0 for any given self-affine tile can be found via a quot;pruning algorithm, . one can also obtain a priori a set k 1 k 0 by estimating the diameter of the tile. it turns out that the substitution matrix obtained using k 1 will have the exactly same spectral radius as the su",NOTUTILIZE,MENTION
43674813,42306378,"limit functions, l2 (r) or continuous, while the other extreme ones lead to fractal-like pictures. this is based on two analogies, in addition to the existing results in dala92 , cohe92 , cohe94 , , wan96 : (i) first, we think of (2.1) as a version of an iterated function system in the sense of hutchinson hut81 . hutchinson considers borel mappings f1, . . .,fn on a complete metric space x, p",NOTUTILIZE,NOTALGO
2989116,3113291,"l determines the words, which have to be produced for each semun and their order in the word chain. since the grammar can be seen context-free with some additional extensions taken from hpsg-grammars , augmented transition networks 12 , and id lp-grammars 4 , an active chart-parsing algorithm could be applied for realizing the decoder. 3.3 realization of the semantic decoder the parsing algorith",NOTUTILIZE,NOTALGO
74237810,73007559,"reless network is not planar. thus, before the face recovery procedure can be performed, a planar subgraph has to be extracted from the complete network graph. in the description of face, bose et al. propose a distributed algorithm for extracting a planar subgraph from a unit disk graph, which is based on the gabriel graph (gg) 25 , a well-known geometric planar graph construction. a gabriel gra",NOTUTILIZE,MENTION
9059215,9572654,terval reasoning in our approach we have applied a constraint interval technique on the original coordinate representation of the atoms in cycles. the technique performs the arc-consistency algorithm and it is not limited to linear constraints. the arc-consistency algorithm reduces the real domains of variables (if it is possible) without losing any solution of the problem. the variables get redu,UTILIZE,USE
33548060,33652636,"length and k the number of states. in this paper, we investigate how well the viterbi algorithm can be expressed in chr, considering both conciseness and efficiency. chr, or constraint handling rules , was introduced as a declarative language for writing constraint solvers, but has shown to be very useful for a variety of automated reasoning tasks, and attempts have been made to use it as a genera",NOTUTILIZE,MENTION
11664390,12473937,"two possible potential functions are f1(s) ln e si lnd f2(s) si 2 2 i where 0 is a learning rate and s max(s,0). the potential f1 leads to the hedge 5 and weighted majority algorithms, while the potential f2 results in external-regret matching 14, theorem b . for more examples of useful potential functions, see 6 . to ensure the lh algorithm chooses legal hypotheses y",UTILIZE,USE
202688390,240658569,ich is specific for each interferometer 42 . more details about the likelihood computation are given in 18 . 2.6. mcmc implementation we implemented the mcmc sampler as a basic metropolis algorithm that first was extended to a parallel tempering algorithm. the,UTILIZE,EXTEND
77915003,76036409,"oes not yet have a mechanism by which the remaining servers can collectively form a new group roster with the misbehaving nodes removed. we expect off-the-shelf byzantine fault tolerance algorithms to be applicable to this group evolution problem. using bft to achieve agreement, however, requires a stronger security assumption: in a group with f dishonest servers, there must be at least 3 f 1",NOTUTILIZE,MENTION
30639115,31349665,"5 upstream of the start codon, i.e. 5 utr and promoter; and the other from the 3 utr. for the 5 utr-promoter group, we chose four genes that are commonly tested in other motif finding algorithms , namely, preproinsulin, dhfr, metallothionine, and c-fos. homologous regions from four species were included for analysis using the homologene database http: www.ncbi.nlm.nih.gov sites ent rez db ho",NOTUTILIZE,MENTION
14747635,15815018,"can naturally vary with the level of the hierarchy. eliminating jumping during slide transitions incoherent transitions have been mentioned as a source of increased cognitive load in using hypertexts . consequently, we believe the greatest area for potential improvement in current presentation software is the slide transition. while most current presentation software implementations provide variou",NOTUTILIZE,NOTALGO
1895771,2009507,"erfaces. instead of building a new application from scratch, we incorporated our device into an algorithmic music application that had been written for a master s thesis at the university of colorad . the application generates, in real time, a variation on a midi sequence by mapping musical segments to regions of a three dimensional chaotic attractor. a new trajectory, beginning from a different",NOTUTILIZE,MENTION
63306118,62424144,"reas the computational precision would stay bounded to o(l log p) bits. this argument is a simplification of the routine error analysis of the iterative improvement algorithm (see skeel s80 , higham ); in our simplified case q is in a very special form of p l i. now to ensure correct recovery of z with using rational roundoff, it is sufficient to approximate z by zh within the error norm less th",NOTUTILIZE,NOTALGO
12027664,12876101,l machine with 2gb of main memory under linux. our ppi implementation uses a stabilized biconjugate gradient solver with an incomplete lu preconditioners as implemented in the matrix toolkit for java . no native or optimized code was used; using architecture-tuned implementations of the underlying linear algebraic routines could give a significant speedup. for lrtdp we specified a few reasonable s,NOTUTILIZE,NOTALGO
10081694,10703966,"bly improved (51 savings in space and 36 savings in execution time, on average). fig. 1 shows how the cdfg of the runge-kutta program was mapped onto the basic array by the simple mapping algorithm , and then refined by sa. however, sa is often too slow for realistic applications. to improve its convergence, one can make additional use of the problem-specific information. another possibility is",NOTUTILIZE,MENTION
4190012,4328803,"reduced state space. starke has defined algorithms for computing all symmetry mappings of a petri net, for partitioning the node set into equivalence classes, and for generating a reduced state space . starke s definitions provide an excellent theoretical foundation for reduced state space generation. however, a program containing symmetrical processes can have a very large number of symmetry mapp",NOTUTILIZE,MENTION
24789966,25633582,"for this problem: o(v (e b) log 2(e b)) i os. independently of our work, the bucket heap and a cache-oblivious version of the tournament tree have been developed also by chowdhury and ramachandran . in section 3, we develop a new cache-oblivious algorithm for undirected bfs. the algorithm comes in two variants: the first variant performs o(st(e) 3ssort(e) e b log v v e b) i os; the seco",NOTUTILIZE,MENTION
202316682,240128303,"previous study, we used iterative proportional fitting (ipf), an algorithm applied to hierarchical loglinear models to fit observables and interactions such as such univariate and bivariate marginals . though ipf fits the desired marginals, it converges slowly and it does not explicitly calculate or output the fitting parameters. these parameters are important, because in a subsequent study, we us",UTILIZE,USE
25303507,26107310,"which code from different levels can be combined together within the same application in order to achieve high-performance. as a driving example, we use the modular algorithm of van hoeij and monagan . we recall its specifications. let k q(a1,a2,...,ae) be an algebraic number field over the field q of the rational numbers. let f1,f2 k y be univariate polynomials over k. the algorithm of van h",UTILIZE,USE
4685312,4840474,"t does, and how we use it. dsa: authentication digital signature algorithm (dsa) is part of the digital signature standard (dss), proposed by the national institute of standards and technology (nist) . nist has made the algorithm publicly available, royalty-free. it is a public-key signature and verification algorithm based on discrete logarithms. an important feature of this algorithm is that eac",NOTUTILIZE,MENTION
13638164,14633213,"sons: the first is that any suitable method for key exchange could possibly be used for it. sending a shared key by secure e-mail 13 , using an implementations of diffiehellman key exchange protocol , by sms messages or by traditional mail should be equally feasible in order to obtain as much flexibility as possible. second, many of these tools can be used at the same time and replaced at any mom",NOTUTILIZE,NOTALGO
29464102,30135202,"can be seen, these algorithms produce rules with items from different transactions given by a timestamp. in order to find intertransaction association rules, we employ a variant of the fiti algorithm . rule post-processing from the potentially high number of rules created during the rule mining, a very important and challenging problem is to find those that are interesting. traditionally, measures",UTILIZE,USE
12147236,13005727,"er setting for the audio source localization algorithm, we used 20. the thresholds in the speech nonspeech classification algorithm were set to , 200 ms, 100 ms, and 0.03. following our previous work , the first two thresholds were intuitively chosen, based on experiments conducted on a separate test data set, and on the typical phoneme length, respectively. the third threshold was chosen on a sin",NOTUTILIZE,MENTION
8780498,9260936,"close enough to the r state is reached. in the citrate synthase case, it will be interesting to compare the path obtained with such a method with the two paths previously determined in our laboratory a modified version of the chain algorithm of elber and karplus 26 , and the other one with the quot;directed dynamics quot; algorithm of ech-cherif el-kettani and durup 24 . acknowledgments we tha",NOTUTILIZE,MENTION
60840267,60222404,"rtite graph matching and an online approach which updates the kde in real-time. a vast literature addresses the problem of data association. among the earliest work in this field was reid s algorithm , a bayesian formulation for multiple target tracking in a single view (e.g. associating radar tracks). where reid outlined a multiple-hypothesis tracker (mht) to deal with the intractable space, cox",NOTUTILIZE,MENTION
25755336,26520295,"4 5 while 6 do 7 8 9 10 for each 11 do if 12 then 13 14 if 15 then 16s326 ieee journal on selected areas in communications, vol. 24, no. 2, february 2006 this is an extension to dijkstra s algorithm . 1 is a queue that contains the vertices to be examined next for their contribution to the shortest path weights. the vector holds the current estimate of the shortest distance from to . the vector h",NOTUTILIZE,MENTION
155677939,136889983,"olver. for this abstract, all results are obtained using a single-level grid with the 5rd-order sd emthod. the mesh deformation and translation are controlled using a blended function as suggested in and adopted in 4 . the current form of implementation for moving and deformable grid has similarity with the one reported in 5 . consider unsteady conservation laws only in 2d conservative form q",NOTUTILIZE,MENTION
45582574,44676017,"omehow be specified. in our attempt to implement this concretely we will tackle equation (2.33) perturbatively, basically extending isaacson framework for small perturbations over a curved background to allow for the presence of conformal fluctuations. if we succeed, the intuitive picture of vacuum spacetime that would emerge is that of a smooth manifold presenting, at the random scale , metric",UTILIZE,EXTEND
50302705,50158701,". this often results in a high computational complexity and the optimization procedure is np-hard in general can be easily trapped at a local optimal point. in this paper, we extend our previous work and present a novel perspective for biclustering problem through a geometric interpretation. such a new perspective allows us to regard biclusters with different coherent patterns as hyperplanes in a",NOTUTILIZE,NOTALGO
3018095,3138934,"s such that no component is larger than cn where c is some constant, then we can always find a nested dissection ordering that gives an elimination tree of height o(slogn) (bodlander et. al 1 ). in leiserson and lewis give experimental results from applying a nested dissection algorithm to a collection of matrices from the harwell-boeing collection 2 . however, as we shall see no nested dissec",NOTUTILIZE,MENTION
3744228,3863886,"sible to preprocess the pattern but not the text. the classical solution involves dynamic programming and is o(mn) time 25 . recently, a number of algorithms improved the classical one, for instance them are quot;sublinear quot; in the sense that they do not inspect all the characters of the text, but of course the on-line problem is omega gamma n) if m is taken as constant. in 4, 3 , it is sh",NOTUTILIZE,MENTION
18451109,19641303,"ts 37 . the ace approach combines elements from evolutionary economics, cognitive science and computer science. evolution-inspired algorithms, such as genetic algorithms are increasingly used in ace . evolutionary algorithms are biologically inspired techniques that use the concept of survival of the fittest to evolve agent behaviour that becomes better and better adapted to the environment (i.",NOTUTILIZE,MENTION
8879654,9370337,"moving object is on the movement path of the service robot, the robot must avoid the collision. up to now, many different algorithms have been developed to detect and track motion in image sequences . some of the work was concentrated on offline processing of prerecorded image sequences 12 . this means, that no interaction in a closed loop of image acquisition and camera movement is possible. re",NOTUTILIZE,MENTION
201813537,239403825,"ctors on linear optics measurements based on the ac dipole. we compare two algorithms for the data processing, an interpolated fft refereed to as sussix 5 and the singular value decomposition (svd) . model parameters of interest in this paper are phase advance between two adjacent bpms, , and -function at bpms, . we use a simple statistical model describing the effect of white noise in the b",UTILIZE,USE
5751577,5952975,"uits. iscas bench mark data which we used combinational circuits, c880 and c1908, and these are data to evaluate logic synthesis algorithm. power consumption was evaluated by a static power estimator . with ldr, 20 reduction was achieved in the combinational circuits (see tab.1). we also applied ldr to rather big data of which number of cells are over ten thousand (see tab.2). these are sequentia",NOTUTILIZE,NOTALGO
